transaction_id,customer_id,product_id,quantity,unit_price,total_price,purchase_date,payment_method,store_location,salesperson_id
1,1,1,98,49.16,6177.57,2021-02-22,debit card,outlet,1
2,2,2,39,312.46,6310.91,2021-02-05,credit card,mall,2
3,3,3,60,23.44,5205.05,2021-11-18,credit card,online,3
4,4,4,88,711.94,9462.56,2021-08-23,debit card,online,4
5,5,5,12,914.31,4947.94,2021-12-19,debit card,outlet,5
6,6,6,43,440.94,7053.59,2021-12-29,cash,mall,6
7,7,7,46,729.95,346.47,2021-05-05,credit card,online,7
8,8,8,44,331.19,1520.71,2021-01-31,debit card,mall,8
9,9,9,38,366.67,1986.35,2021-01-08,debit card,outlet,9
10,10,10,22,962.9,6662.24,2021-10-09,debit card,mall,10
11,11,11,90,804.31,4077.24,2021-12-07,debit card,mall,11
12,12,12,53,705.7,5077.66,2021-04-29,cash,outlet,12
13,13,13,75,950.52,1388.59,2021-11-26,credit card,online,13
14,14,14,17,996.06,6536.91,2021-08-11,credit card,mall,14
15,15,15,15,685.3,4897.51,2021-01-29,cash,mall,15
16,16,16,42,719.47,864.93,2021-08-02,cash,outlet,16
17,17,17,27,79.96,1265.1,2021-09-22,credit card,outlet,17
18,18,18,77,433.0,6770.88,2021-10-02,cash,mall,18
19,19,19,71,765.28,2709.93,2021-01-07,credit card,mall,19
20,20,20,74,642.79,9799.35,2021-10-09,credit card,outlet,20
21,21,21,61,260.31,486.3,2021-09-30,cash,online,21
22,22,22,14,127.68,9714.42,2021-11-12,cash,online,22
23,23,23,60,490.63,3038.29,2021-12-05,debit card,mall,23
24,24,24,2,189.67,6702.72,2021-01-28,credit card,mall,24
25,25,25,44,527.44,2166.15,2021-05-05,debit card,outlet,25
26,26,26,66,624.22,8836.19,2021-11-03,cash,online,26
27,27,27,33,509.25,5691.66,2021-07-28,cash,mall,27
28,28,28,88,659.76,2594.65,2021-07-16,cash,outlet,28
29,29,29,12,860.36,4273.64,2021-01-28,credit card,online,29
30,30,30,14,837.54,8846.42,2021-09-25,cash,outlet,30
31,31,31,27,824.96,7117.67,2021-02-25,cash,online,31
32,32,32,37,90.32,2401.06,2021-11-19,credit card,online,32
33,33,33,3,283.24,9879.84,2021-08-31,credit card,outlet,33
34,34,34,83,713.09,8925.69,2021-12-17,credit card,outlet,34
35,35,35,43,340.59,6284.02,2021-09-29,credit card,mall,35
36,36,36,90,545.52,709.29,2021-05-29,credit card,online,36
37,37,37,90,637.62,675.68,2021-01-16,cash,outlet,37
38,38,38,90,240.26,3137.42,2021-07-29,credit card,mall,38
39,39,39,90,340.15,4979.97,2021-05-04,debit card,outlet,39
40,40,40,53,342.21,1264.41,2021-09-12,credit card,online,40
41,41,41,49,44.08,9733.34,2021-07-05,debit card,outlet,41
42,42,42,74,564.56,5015.28,2021-06-12,cash,online,42
43,43,43,33,88.33,3938.35,2021-12-12,credit card,online,43
44,44,44,71,326.53,4822.27,2021-11-13,debit card,mall,44
45,45,45,42,346.88,7886.37,2021-10-01,debit card,outlet,45
46,46,46,46,809.76,1704.05,2021-10-24,credit card,online,46
47,47,47,52,310.11,7308.74,2021-05-06,debit card,online,47
48,48,48,5,319.45,2343.28,2021-09-24,credit card,outlet,48
49,49,49,28,369.81,8981.59,2021-12-21,debit card,mall,49
50,50,50,86,986.41,7700.14,2021-01-11,credit card,outlet,50
51,51,51,29,237.33,3711.79,2021-07-25,cash,online,51
52,52,52,11,663.73,7388.9,2021-01-11,cash,online,52
53,53,53,65,624.26,1011.47,2021-10-30,credit card,mall,53
54,54,54,71,13.38,6899.17,2021-08-24,cash,outlet,54
55,55,55,76,483.96,9055.77,2021-11-07,debit card,online,55
56,56,56,77,166.08,6256.33,2021-09-10,credit card,mall,56
57,57,57,86,688.5,9951.22,2021-09-24,cash,outlet,57
58,58,58,86,743.99,9998.9,2021-01-06,cash,outlet,58
59,59,59,89,591.8,1508.82,2021-07-26,credit card,outlet,59
60,60,60,16,207.92,8943.12,2021-05-16,cash,mall,60
61,61,61,56,67.23,7215.93,2021-02-19,cash,outlet,61
62,62,62,32,616.09,6966.81,2021-10-02,credit card,outlet,62
63,63,63,76,722.63,5833.45,2021-08-14,debit card,mall,63
64,64,64,53,863.26,7109.95,2021-10-13,cash,outlet,64
65,65,65,100,161.92,6722.79,2021-05-10,cash,mall,65
66,66,66,13,208.99,1235.87,2021-04-15,debit card,online,66
67,67,67,17,17.19,9455.57,2021-07-16,debit card,outlet,67
68,68,68,39,60.17,4422.39,2021-05-08,cash,online,68
69,69,69,43,340.22,6136.59,2021-11-16,cash,mall,69
70,70,70,35,21.94,1858.23,2021-04-16,debit card,mall,70
71,71,71,61,450.1,2140.66,2021-06-06,credit card,online,71
72,72,72,93,873.5,9758.76,2021-02-06,cash,mall,72
73,73,73,71,213.88,9276.06,2021-01-05,debit card,online,73
74,74,74,64,231.75,1606.36,2021-03-16,credit card,outlet,74
75,75,75,24,345.65,3998.83,2021-11-12,debit card,outlet,75
76,76,76,92,99.78,851.97,2021-06-25,debit card,outlet,76
77,77,77,50,568.76,5605.96,2021-06-26,credit card,mall,77
78,78,78,47,28.56,7673.77,2021-06-01,cash,outlet,78
79,79,79,47,358.57,3186.04,2021-07-08,cash,outlet,79
80,80,80,61,830.7,686.27,2021-08-09,debit card,mall,80
81,81,81,94,933.11,2921.17,2021-03-28,cash,mall,81
82,82,82,23,348.8,4915.92,2021-10-01,cash,outlet,82
83,83,83,58,707.74,978.48,2021-12-12,cash,outlet,83
84,84,84,31,17.01,4136.37,2021-12-28,debit card,mall,84
85,85,85,35,341.89,6954.68,2021-09-06,credit card,outlet,85
86,86,86,18,151.51,1564.95,2021-01-05,debit card,outlet,86
87,87,87,62,152.43,9561.02,2021-08-03,debit card,online,87
88,88,88,39,866.57,2388.58,2021-06-17,cash,outlet,88
89,89,89,67,889.98,8233.31,2021-09-09,credit card,online,89
90,90,90,94,890.78,1998.47,2021-06-10,debit card,outlet,90
91,91,91,23,409.42,2181.56,2021-12-14,credit card,online,91
92,92,92,18,684.76,3219.22,2021-03-22,cash,outlet,92
93,93,93,9,449.36,9674.28,2021-08-21,debit card,online,93
94,94,94,44,335.47,6445.16,2021-12-15,debit card,mall,94
95,95,95,52,681.13,6103.05,2021-10-26,debit card,online,95
96,96,96,36,927.9,9708.16,2021-05-01,credit card,online,96
97,97,97,38,210.3,1124.07,2021-03-16,debit card,outlet,97
98,98,98,36,956.34,3018.86,2021-05-23,debit card,online,98
99,99,99,22,424.51,5003.32,2021-03-21,credit card,outlet,99
100,100,100,62,947.85,7225.25,2021-05-08,cash,online,100
101,101,101,21,454.09,3419.71,2021-06-30,debit card,outlet,101
102,102,102,27,23.3,7997.63,2021-07-24,cash,outlet,102
103,103,103,14,820.25,8902.17,2021-06-21,debit card,outlet,103
104,104,104,4,378.99,5081.95,2021-10-27,credit card,online,104
105,105,105,78,48.34,8618.03,2021-08-14,credit card,online,105
106,106,106,33,517.49,5973.21,2021-09-14,cash,online,106
107,107,107,62,154.56,85.4,2021-04-09,credit card,mall,107
108,108,108,100,297.4,5105.62,2021-03-31,cash,outlet,108
109,109,109,61,267.1,5103.41,2021-07-17,cash,outlet,109
110,110,110,7,390.9,562.0,2021-04-02,cash,online,110
111,111,111,7,294.96,7306.09,2021-02-23,debit card,outlet,111
112,112,112,76,765.8,3965.72,2021-09-29,credit card,outlet,112
113,113,113,90,874.63,6388.29,2021-01-20,debit card,online,113
114,114,114,100,518.46,5984.26,2021-08-10,credit card,online,114
115,115,115,66,543.38,8609.27,2021-12-24,cash,online,115
116,116,116,40,522.5,1685.18,2021-04-06,debit card,online,116
117,117,117,12,340.21,6737.33,2021-12-19,cash,online,117
118,118,118,37,247.25,225.28,2021-07-22,debit card,outlet,118
119,119,119,21,34.6,426.85,2021-05-01,credit card,mall,119
120,120,120,4,407.38,4325.35,2021-03-21,credit card,outlet,120
121,121,121,42,903.14,9925.12,2021-04-30,debit card,online,121
122,122,122,6,907.83,309.49,2021-02-23,credit card,online,122
123,123,123,48,168.65,448.06,2021-01-18,debit card,mall,123
124,124,124,43,380.64,699.1,2021-05-23,cash,online,124
125,125,125,6,40.12,2873.63,2021-04-23,debit card,online,125
126,126,126,74,38.28,8132.95,2021-04-28,credit card,online,126
127,127,127,95,887.99,8022.54,2021-07-23,debit card,mall,127
128,128,128,74,323.26,1047.07,2021-05-12,credit card,mall,128
129,129,129,45,909.4,316.6,2021-10-10,credit card,online,129
130,130,130,51,153.78,4236.56,2021-04-25,credit card,mall,130
131,131,131,81,886.87,398.91,2021-07-06,cash,mall,131
132,132,132,92,205.22,7118.39,2021-11-05,credit card,mall,132
133,133,133,93,419.97,2581.75,2021-11-27,debit card,outlet,133
134,134,134,7,63.74,5105.58,2021-11-14,cash,mall,134
135,135,135,7,993.86,958.54,2021-02-09,credit card,outlet,135
136,136,136,88,267.65,314.16,2021-04-10,credit card,online,136
137,137,137,74,262.4,4776.74,2021-12-29,cash,online,137
138,138,138,63,513.82,5998.01,2021-05-09,cash,mall,138
139,139,139,94,125.88,181.83,2021-09-30,credit card,outlet,139
140,140,140,94,90.11,6359.56,2021-06-02,debit card,online,140
141,141,141,97,345.23,6801.75,2021-03-09,credit card,online,141
142,142,142,74,59.84,7980.74,2021-09-25,debit card,outlet,142
143,143,143,87,414.51,9681.38,2021-12-28,credit card,outlet,143
144,144,144,43,281.01,5789.01,2021-12-04,credit card,online,144
145,145,145,65,864.48,5253.79,2021-01-15,credit card,mall,145
146,146,146,32,106.91,9981.48,2021-04-08,cash,outlet,146
147,147,147,20,269.99,6819.58,2021-08-20,debit card,online,147
148,148,148,66,280.71,6862.79,2021-05-25,cash,mall,148
149,149,149,7,580.23,8711.11,2021-10-16,cash,online,149
150,150,150,92,102.98,3894.59,2021-08-01,cash,outlet,150
151,151,151,3,163.26,9977.0,2021-11-05,credit card,outlet,151
152,152,152,32,367.35,560.88,2021-06-09,credit card,online,152
153,153,153,70,536.87,3991.87,2021-05-24,cash,online,153
154,154,154,49,690.83,265.87,2021-07-12,cash,outlet,154
155,155,155,38,87.36,5605.69,2021-10-18,cash,online,155
156,156,156,41,32.2,1688.53,2021-01-02,cash,mall,156
157,157,157,75,420.29,6537.77,2021-11-08,credit card,outlet,157
158,158,158,82,635.88,9393.85,2021-07-14,debit card,mall,158
159,159,159,89,795.9,824.04,2021-11-15,debit card,online,159
160,160,160,6,170.45,6290.63,2021-06-28,cash,outlet,160
161,161,161,93,493.26,1534.74,2021-01-17,debit card,outlet,161
162,162,162,57,166.73,2842.59,2021-10-15,cash,outlet,162
163,163,163,9,992.75,101.02,2021-09-05,debit card,online,163
164,164,164,1,635.73,7232.73,2021-05-17,cash,online,164
165,165,165,55,740.02,3461.63,2021-08-18,debit card,outlet,165
166,166,166,40,736.71,1981.05,2021-02-20,debit card,mall,166
167,167,167,98,378.67,5047.88,2021-08-24,debit card,outlet,167
168,168,168,75,285.44,8930.9,2021-05-15,credit card,mall,168
169,169,169,44,353.57,8075.11,2021-08-26,credit card,outlet,169
170,170,170,85,383.88,4935.92,2021-01-13,cash,online,170
171,171,171,75,30.46,5126.06,2021-06-14,credit card,mall,171
172,172,172,55,825.7,3954.91,2021-02-24,debit card,mall,172
173,173,173,14,933.3,5412.96,2021-06-17,credit card,outlet,173
174,174,174,31,57.09,6062.23,2021-03-09,cash,outlet,174
175,175,175,78,372.48,283.01,2021-12-24,credit card,outlet,175
176,176,176,88,944.54,6493.08,2021-06-07,debit card,mall,176
177,177,177,20,50.27,9805.45,2021-08-07,debit card,outlet,177
178,178,178,61,157.26,9314.91,2021-06-23,credit card,outlet,178
179,179,179,80,143.2,3730.77,2021-07-10,cash,online,179
180,180,180,79,455.49,2884.0,2021-04-12,debit card,online,180
181,181,181,47,165.25,703.22,2021-11-23,cash,outlet,181
182,182,182,41,154.22,3155.9,2021-03-05,debit card,online,182
183,183,183,87,631.72,3117.38,2021-05-21,credit card,mall,183
184,184,184,47,483.37,6276.67,2021-12-20,cash,mall,184
185,185,185,30,756.6,1096.72,2021-08-14,credit card,online,185
186,186,186,45,690.4,630.32,2021-09-20,cash,online,186
187,187,187,78,731.73,3407.23,2021-12-04,credit card,mall,187
188,188,188,72,150.82,2738.46,2021-02-28,debit card,outlet,188
189,189,189,79,473.66,3256.79,2021-02-08,cash,mall,189
190,190,190,59,407.01,7335.13,2021-12-12,cash,online,190
191,191,191,97,380.89,258.46,2021-05-29,cash,outlet,191
192,192,192,59,561.33,7104.11,2021-04-19,debit card,outlet,192
193,193,193,59,893.5,1165.38,2021-04-01,cash,mall,193
194,194,194,21,563.86,3767.12,2021-07-21,cash,mall,194
195,195,195,83,590.05,8413.99,2021-12-03,debit card,mall,195
196,196,196,20,572.08,4164.6,2021-01-18,credit card,mall,196
197,197,197,50,934.49,1222.24,2021-03-31,debit card,online,197
198,198,198,8,845.44,4633.49,2021-07-09,cash,mall,198
199,199,199,92,397.94,8078.0,2021-01-20,cash,online,199
200,200,200,69,865.13,2117.23,2021-09-04,debit card,outlet,200
201,201,201,14,434.18,5004.83,2021-11-25,cash,outlet,201
202,202,202,16,995.84,930.93,2021-11-01,debit card,mall,202
203,203,203,43,312.58,2650.49,2021-11-22,cash,mall,203
204,204,204,99,832.31,5969.74,2021-11-08,cash,mall,204
205,205,205,22,767.74,4163.7,2021-01-30,cash,online,205
206,206,206,42,797.87,3605.04,2021-12-13,debit card,online,206
207,207,207,69,878.02,9067.47,2021-03-27,credit card,mall,207
208,208,208,18,67.51,6696.54,2021-05-20,credit card,online,208
209,209,209,35,561.89,6812.55,2021-03-14,cash,outlet,209
210,210,210,31,342.53,9469.27,2021-02-20,debit card,online,210
211,211,211,75,189.31,2711.84,2021-10-19,cash,mall,211
212,212,212,48,777.52,5101.47,2021-10-26,cash,mall,212
213,213,213,87,539.03,1580.81,2021-03-17,credit card,online,213
214,214,214,56,736.47,5531.33,2021-04-16,cash,mall,214
215,215,215,72,586.41,1637.97,2021-11-21,credit card,online,215
216,216,216,54,513.98,5471.91,2021-02-12,cash,online,216
217,217,217,60,112.52,240.29,2021-01-22,cash,outlet,217
218,218,218,66,724.42,3309.24,2021-01-10,cash,online,218
219,219,219,51,433.86,4068.84,2021-08-29,cash,mall,219
220,220,220,68,947.58,3992.51,2021-01-16,debit card,mall,220
221,221,221,29,555.53,721.62,2021-10-02,debit card,mall,221
222,222,222,87,615.95,3517.97,2021-05-14,debit card,online,222
223,223,223,31,685.27,8256.88,2021-11-29,cash,online,223
224,224,224,7,14.39,4723.68,2021-06-05,credit card,mall,224
225,225,225,72,606.34,755.76,2021-12-12,credit card,mall,225
226,226,226,65,393.4,3672.33,2021-03-16,debit card,online,226
227,227,227,86,917.81,2066.59,2021-01-31,debit card,outlet,227
228,228,228,73,115.31,6323.71,2021-05-07,debit card,online,228
229,229,229,28,613.88,5433.93,2021-07-28,credit card,outlet,229
230,230,230,18,865.1,4828.22,2021-11-18,credit card,online,230
231,231,231,9,991.14,8543.91,2021-10-28,debit card,outlet,231
232,232,232,80,189.14,1972.78,2021-10-27,debit card,online,232
233,233,233,21,606.91,7748.5,2021-10-27,cash,online,233
234,234,234,88,24.36,8647.6,2021-03-31,cash,mall,234
235,235,235,27,500.86,1238.75,2021-11-28,credit card,online,235
236,236,236,53,598.78,3674.18,2021-05-12,debit card,online,236
237,237,237,89,601.39,7123.19,2021-04-01,credit card,mall,237
238,238,238,18,98.21,1102.28,2021-05-30,debit card,mall,238
239,239,239,40,754.72,3643.11,2021-03-28,cash,mall,239
240,240,240,37,180.41,8979.56,2021-01-04,debit card,outlet,240
241,241,241,29,360.87,9756.99,2021-01-06,credit card,mall,241
242,242,242,61,410.42,850.22,2021-01-05,credit card,online,242
243,243,243,35,659.7,762.16,2021-10-30,credit card,mall,243
244,244,244,59,372.43,4275.2,2021-10-22,credit card,outlet,244
245,245,245,40,262.26,2834.34,2021-05-28,debit card,online,245
246,246,246,96,654.57,3369.78,2021-12-05,cash,online,246
247,247,247,78,692.7,6354.88,2021-07-17,credit card,mall,247
248,248,248,6,591.78,3717.95,2021-01-08,cash,outlet,248
249,249,249,21,941.82,1185.29,2021-08-04,debit card,mall,249
250,250,250,14,58.69,2815.4,2021-05-10,credit card,outlet,250
251,251,251,47,754.47,7124.93,2021-07-17,cash,mall,251
252,252,252,82,827.36,1438.27,2021-08-12,cash,outlet,252
253,253,253,15,125.11,3595.28,2021-10-13,credit card,online,253
254,254,254,67,946.56,6366.07,2021-08-13,credit card,online,254
255,255,255,70,248.18,5161.66,2021-10-27,debit card,mall,255
256,256,256,15,336.92,2666.81,2021-01-18,debit card,online,256
257,257,257,37,762.85,7189.52,2021-09-29,debit card,mall,257
258,258,258,46,980.21,3191.68,2021-07-13,cash,outlet,258
259,259,259,25,661.89,7775.79,2021-01-02,cash,mall,259
260,260,260,57,472.38,1096.26,2021-09-22,debit card,mall,260
261,261,261,35,690.53,2406.87,2021-09-09,credit card,outlet,261
262,262,262,84,656.86,9349.59,2021-09-01,cash,mall,262
263,263,263,93,564.87,7123.78,2021-02-22,credit card,mall,263
264,264,264,49,677.18,3748.13,2021-05-11,credit card,mall,264
265,265,265,60,728.39,6004.33,2021-04-02,debit card,outlet,265
266,266,266,70,269.95,2358.54,2021-08-24,debit card,mall,266
267,267,267,93,867.42,8538.58,2021-10-01,credit card,online,267
268,268,268,30,433.91,5531.48,2021-03-29,credit card,mall,268
269,269,269,57,803.34,7204.63,2021-09-15,credit card,outlet,269
270,270,270,11,944.86,1924.49,2021-12-11,debit card,outlet,270
271,271,271,47,755.48,3899.7,2021-10-31,credit card,mall,271
272,272,272,47,640.88,500.44,2021-06-08,cash,mall,272
273,273,273,42,994.01,4163.76,2021-09-04,debit card,online,273
274,274,274,5,872.25,5519.01,2021-06-30,debit card,mall,274
275,275,275,4,171.88,7823.03,2021-09-11,debit card,online,275
276,276,276,38,272.24,2801.67,2021-07-20,debit card,mall,276
277,277,277,97,265.05,213.47,2021-03-15,cash,outlet,277
278,278,278,85,986.31,2344.41,2021-09-24,cash,mall,278
279,279,279,45,690.1,4797.7,2021-12-21,credit card,mall,279
280,280,280,90,308.84,7260.82,2021-03-13,credit card,outlet,280
281,281,281,61,682.01,3960.42,2021-05-19,debit card,online,281
282,282,282,30,928.66,4091.56,2021-07-23,cash,outlet,282
283,283,283,68,267.43,5979.46,2021-12-14,credit card,online,283
284,284,284,33,929.41,4343.33,2021-07-25,credit card,mall,284
285,285,285,96,732.53,5039.59,2021-01-02,credit card,online,285
286,286,286,69,63.15,7855.21,2021-05-21,cash,outlet,286
287,287,287,43,621.25,4997.37,2021-01-05,debit card,mall,287
288,288,288,56,989.71,6947.64,2021-02-06,debit card,online,288
289,289,289,11,453.04,2434.87,2021-05-05,credit card,mall,289
290,290,290,62,502.37,2417.18,2021-04-28,debit card,online,290
291,291,291,7,106.05,5515.24,2021-05-29,credit card,online,291
292,292,292,61,972.68,194.45,2021-02-07,credit card,online,292
293,293,293,36,634.71,6704.66,2021-01-18,cash,online,293
294,294,294,60,203.77,1656.9,2021-07-12,debit card,online,294
295,295,295,90,409.23,3466.62,2021-09-17,credit card,online,295
296,296,296,72,760.11,4514.05,2021-04-28,cash,mall,296
297,297,297,13,997.54,164.88,2021-06-20,credit card,mall,297
298,298,298,79,461.94,9993.07,2021-05-24,cash,online,298
299,299,299,5,171.11,7953.42,2021-06-10,debit card,online,299
300,300,300,100,146.98,7287.92,2021-07-27,debit card,online,300
301,301,301,91,440.85,7471.64,2021-10-14,credit card,mall,301
302,302,302,16,997.01,1855.9,2021-03-10,credit card,mall,302
303,303,303,6,505.83,3406.52,2021-07-28,cash,mall,303
304,304,304,17,576.24,3159.14,2021-03-18,credit card,mall,304
305,305,305,69,904.29,1014.11,2021-02-02,credit card,online,305
306,306,306,97,3.41,9317.52,2021-12-24,debit card,online,306
307,307,307,28,15.79,5702.53,2021-06-25,debit card,outlet,307
308,308,308,69,621.81,4926.92,2021-11-14,credit card,mall,308
309,309,309,79,598.49,4581.11,2021-05-17,credit card,online,309
310,310,310,19,693.02,9874.83,2021-08-26,cash,online,310
311,311,311,56,498.76,8304.8,2021-05-11,credit card,outlet,311
312,312,312,60,683.3,7370.46,2021-12-28,credit card,mall,312
313,313,313,41,90.54,3353.44,2021-03-22,credit card,online,313
314,314,314,63,638.92,9631.22,2021-03-18,credit card,online,314
315,315,315,3,92.19,9369.14,2021-02-23,cash,mall,315
316,316,316,97,744.09,802.26,2021-12-27,credit card,online,316
317,317,317,23,618.5,3146.93,2021-03-25,credit card,mall,317
318,318,318,58,818.31,8445.44,2021-02-12,cash,mall,318
319,319,319,57,370.38,4142.1,2021-04-03,debit card,online,319
320,320,320,27,977.09,1729.08,2021-12-06,credit card,outlet,320
321,321,321,70,695.1,3386.85,2021-01-25,cash,outlet,321
322,322,322,81,930.66,68.03,2021-01-21,cash,mall,322
323,323,323,79,734.86,9187.9,2021-06-14,debit card,mall,323
324,324,324,95,23.49,2880.8,2021-04-29,credit card,outlet,324
325,325,325,59,978.27,2226.49,2021-01-03,cash,mall,325
326,326,326,91,788.89,7139.39,2021-05-10,credit card,online,326
327,327,327,100,856.27,3392.7,2021-08-03,credit card,online,327
328,328,328,18,255.98,9681.55,2021-01-19,cash,online,328
329,329,329,22,707.53,4234.83,2021-05-21,debit card,outlet,329
330,330,330,72,240.89,7263.64,2021-10-31,debit card,mall,330
331,331,331,87,525.0,1391.45,2021-12-15,cash,online,331
332,332,332,65,746.75,2322.45,2021-11-25,credit card,outlet,332
333,333,333,11,877.38,7231.43,2021-10-06,credit card,outlet,333
334,334,334,16,444.31,6264.79,2021-06-30,credit card,outlet,334
335,335,335,89,291.42,50.32,2021-01-12,credit card,mall,335
336,336,336,16,647.07,439.04,2021-06-18,debit card,mall,336
337,337,337,39,648.17,574.16,2021-09-28,credit card,outlet,337
338,338,338,22,517.53,2389.44,2021-07-07,debit card,online,338
339,339,339,11,535.33,8290.38,2021-07-31,cash,online,339
340,340,340,54,988.65,181.45,2021-07-21,credit card,outlet,340
341,341,341,68,896.94,4710.87,2021-06-20,cash,online,341
342,342,342,28,545.41,9628.38,2021-07-12,debit card,online,342
343,343,343,96,107.27,5763.62,2021-04-14,debit card,online,343
344,344,344,90,968.39,9415.02,2021-04-19,cash,mall,344
345,345,345,27,704.22,601.84,2021-06-13,credit card,online,345
346,346,346,20,753.31,5576.44,2021-06-25,credit card,outlet,346
347,347,347,86,810.85,3218.9,2021-07-16,cash,online,347
348,348,348,100,353.98,7987.71,2021-10-18,debit card,outlet,348
349,349,349,32,328.6,7123.76,2021-08-18,cash,outlet,349
350,350,350,43,747.09,7729.98,2021-06-03,cash,online,350
351,351,351,58,153.19,2221.32,2021-10-16,cash,online,351
352,352,352,8,158.61,6386.0,2021-03-12,debit card,online,352
353,353,353,79,645.44,9830.28,2021-09-08,debit card,mall,353
354,354,354,20,841.02,7939.46,2021-01-26,credit card,online,354
355,355,355,63,812.12,5251.38,2021-05-27,credit card,online,355
356,356,356,46,1.89,5896.0,2021-03-20,cash,outlet,356
357,357,357,21,887.91,1255.1,2021-10-04,cash,outlet,357
358,358,358,44,749.81,3771.68,2021-11-26,credit card,online,358
359,359,359,5,148.43,9512.65,2021-05-30,credit card,mall,359
360,360,360,20,83.88,2976.49,2021-12-17,credit card,mall,360
361,361,361,38,264.74,6844.65,2021-11-08,credit card,online,361
362,362,362,95,110.46,6207.23,2021-01-18,credit card,online,362
363,363,363,96,151.69,600.32,2021-03-27,credit card,outlet,363
364,364,364,82,83.99,3672.99,2021-10-24,credit card,online,364
365,365,365,100,85.35,9403.43,2021-06-27,cash,online,365
366,366,366,81,395.55,7374.54,2021-12-16,cash,mall,366
367,367,367,69,290.49,1879.53,2021-07-28,debit card,mall,367
368,368,368,48,731.31,6078.2,2021-07-03,cash,online,368
369,369,369,27,671.04,7598.65,2021-01-08,debit card,online,369
370,370,370,68,989.95,5603.14,2021-11-21,debit card,mall,370
371,371,371,99,246.85,6235.47,2021-04-04,debit card,outlet,371
372,372,372,84,69.62,2237.35,2021-09-21,credit card,outlet,372
373,373,373,47,454.26,4749.89,2021-09-30,credit card,outlet,373
374,374,374,66,133.03,7613.52,2021-05-25,debit card,online,374
375,375,375,11,522.56,7914.45,2021-06-27,credit card,outlet,375
376,376,376,3,836.1,5507.87,2021-06-14,credit card,online,376
377,377,377,90,254.55,7728.98,2021-12-23,cash,outlet,377
378,378,378,82,349.09,2306.88,2021-05-12,debit card,mall,378
379,379,379,27,170.19,7813.98,2021-06-08,cash,outlet,379
380,380,380,60,25.17,6957.07,2021-05-25,credit card,outlet,380
381,381,381,46,617.3,6983.27,2021-06-18,cash,mall,381
382,382,382,13,552.48,6110.73,2021-12-06,debit card,outlet,382
383,383,383,35,804.91,5111.04,2021-12-05,cash,outlet,383
384,384,384,57,505.38,6671.42,2021-02-27,credit card,online,384
385,385,385,98,884.13,5200.47,2021-05-24,credit card,online,385
386,386,386,81,116.96,8448.28,2021-05-24,cash,online,386
387,387,387,10,684.6,3963.78,2021-05-16,cash,mall,387
388,388,388,83,907.6,5850.43,2021-01-06,credit card,mall,388
389,389,389,91,93.2,5846.07,2021-05-24,credit card,online,389
390,390,390,22,941.69,5621.65,2021-12-03,debit card,outlet,390
391,391,391,77,727.65,3697.52,2021-08-20,credit card,mall,391
392,392,392,45,374.56,7488.91,2021-10-01,credit card,mall,392
393,393,393,68,156.31,9499.52,2021-07-01,credit card,online,393
394,394,394,39,188.16,644.2,2021-10-21,debit card,online,394
395,395,395,67,169.94,5617.9,2021-09-20,credit card,mall,395
396,396,396,90,366.69,6243.62,2021-03-18,debit card,mall,396
397,397,397,66,413.65,1231.19,2021-06-27,debit card,outlet,397
398,398,398,8,347.93,2746.14,2021-06-25,cash,online,398
399,399,399,52,252.81,4560.91,2021-04-04,cash,online,399
400,400,400,48,809.71,325.86,2021-08-31,credit card,mall,400
401,401,401,71,206.71,2781.98,2021-04-07,cash,outlet,401
402,402,402,98,788.78,8995.57,2021-10-13,credit card,online,402
403,403,403,83,364.14,9179.25,2021-03-15,credit card,online,403
404,404,404,42,221.3,3778.21,2021-05-23,credit card,online,404
405,405,405,5,272.13,3662.15,2021-01-20,debit card,outlet,405
406,406,406,70,163.45,4751.21,2021-03-27,debit card,outlet,406
407,407,407,98,466.96,9817.65,2021-10-23,debit card,online,407
408,408,408,19,660.31,9553.9,2021-02-16,credit card,outlet,408
409,409,409,64,229.13,7660.38,2021-03-18,credit card,outlet,409
410,410,410,33,202.86,85.26,2021-05-21,debit card,mall,410
411,411,411,81,924.27,3967.73,2021-10-09,cash,mall,411
412,412,412,34,646.72,533.5,2021-02-12,cash,mall,412
413,413,413,45,829.43,4441.27,2021-03-13,debit card,online,413
414,414,414,74,880.48,3922.74,2021-01-19,debit card,outlet,414
415,415,415,57,693.94,6854.71,2021-09-16,cash,mall,415
416,416,416,34,123.77,7144.34,2021-08-13,debit card,online,416
417,417,417,28,472.57,548.71,2021-09-17,cash,mall,417
418,418,418,67,416.17,6248.98,2021-01-23,credit card,outlet,418
419,419,419,97,773.63,1814.96,2021-09-02,debit card,mall,419
420,420,420,17,923.57,4605.94,2021-10-03,cash,online,420
421,421,421,40,410.72,3145.23,2021-12-06,credit card,mall,421
422,422,422,24,145.67,4844.77,2021-04-04,credit card,outlet,422
423,423,423,88,294.03,9661.13,2021-07-03,cash,outlet,423
424,424,424,82,151.14,2784.28,2021-03-21,debit card,outlet,424
425,425,425,68,978.46,4589.09,2021-09-12,credit card,online,425
426,426,426,41,593.87,9900.89,2021-03-13,debit card,online,426
427,427,427,34,214.38,1034.63,2021-01-15,credit card,online,427
428,428,428,76,3.64,182.81,2021-10-18,cash,mall,428
429,429,429,88,778.04,407.65,2021-09-13,cash,outlet,429
430,430,430,39,897.34,5359.22,2021-04-29,cash,online,430
431,431,431,62,626.63,693.81,2021-07-21,debit card,mall,431
432,432,432,35,688.73,5327.98,2021-05-08,cash,mall,432
433,433,433,6,683.67,5947.74,2021-08-24,debit card,mall,433
434,434,434,89,726.4,8352.63,2021-09-17,debit card,online,434
435,435,435,17,832.24,1778.29,2021-01-19,debit card,outlet,435
436,436,436,31,239.83,2525.93,2021-05-18,debit card,mall,436
437,437,437,66,653.67,2385.02,2021-03-11,credit card,online,437
438,438,438,91,794.29,1214.29,2021-01-10,debit card,online,438
439,439,439,40,984.92,6690.13,2021-02-21,debit card,outlet,439
440,440,440,80,489.57,7729.72,2021-03-08,debit card,mall,440
441,441,441,20,882.38,6542.84,2021-06-25,debit card,outlet,441
442,442,442,75,279.49,4940.11,2021-09-05,credit card,mall,442
443,443,443,49,419.91,6370.92,2021-02-06,credit card,outlet,443
444,444,444,22,513.55,6434.9,2021-11-18,credit card,mall,444
445,445,445,50,412.38,8970.81,2021-08-27,credit card,online,445
446,446,446,44,208.37,5800.54,2021-08-27,debit card,mall,446
447,447,447,44,56.23,5289.73,2021-02-17,debit card,mall,447
448,448,448,95,29.06,5944.86,2021-05-17,credit card,outlet,448
449,449,449,96,279.45,9804.59,2021-11-03,credit card,mall,449
450,450,450,15,149.33,477.1,2021-04-16,credit card,online,450
451,451,451,72,887.23,9003.39,2021-03-03,credit card,online,451
452,452,452,97,542.69,3516.48,2021-07-07,cash,outlet,452
453,453,453,65,611.12,3448.13,2021-01-02,debit card,outlet,453
454,454,454,84,822.82,9152.43,2021-11-26,cash,mall,454
455,455,455,34,424.61,2255.43,2021-11-27,cash,outlet,455
456,456,456,84,189.08,2312.79,2021-07-27,debit card,mall,456
457,457,457,79,777.92,3181.54,2021-08-23,cash,outlet,457
458,458,458,96,218.37,7271.48,2021-08-17,debit card,outlet,458
459,459,459,82,313.26,8294.09,2021-08-08,cash,mall,459
460,460,460,32,192.56,1325.39,2021-06-30,debit card,outlet,460
461,461,461,10,58.31,2389.29,2021-11-28,debit card,online,461
462,462,462,47,633.32,5661.58,2021-02-28,credit card,mall,462
463,463,463,43,795.64,4284.11,2021-08-14,credit card,online,463
464,464,464,14,466.1,2926.34,2021-06-25,debit card,outlet,464
465,465,465,38,857.29,4383.8,2021-05-03,debit card,online,465
466,466,466,15,985.81,5769.14,2021-11-09,debit card,online,466
467,467,467,11,757.5,5385.24,2021-05-22,cash,outlet,467
468,468,468,41,716.91,9282.88,2021-04-05,credit card,mall,468
469,469,469,43,196.16,4596.35,2021-09-29,cash,online,469
470,470,470,22,251.93,5883.38,2021-10-30,debit card,online,470
471,471,471,97,57.86,4227.21,2021-03-15,credit card,mall,471
472,472,472,54,513.26,3597.25,2021-10-21,debit card,outlet,472
473,473,473,54,666.81,1689.04,2021-01-22,debit card,mall,473
474,474,474,47,452.18,2207.43,2021-09-25,credit card,mall,474
475,475,475,71,105.59,6026.01,2021-12-29,cash,mall,475
476,476,476,52,980.51,1555.88,2021-02-24,credit card,mall,476
477,477,477,72,56.14,2603.03,2021-02-07,credit card,mall,477
478,478,478,1,600.34,3060.07,2021-12-03,debit card,mall,478
479,479,479,23,998.57,9954.94,2021-06-14,cash,mall,479
480,480,480,87,681.39,1058.22,2021-03-11,debit card,online,480
481,481,481,5,287.92,8730.28,2021-01-15,cash,mall,481
482,482,482,51,813.04,7199.37,2021-10-02,debit card,outlet,482
483,483,483,91,413.11,1491.46,2021-11-18,debit card,online,483
484,484,484,86,591.94,588.37,2021-11-14,debit card,mall,484
485,485,485,28,361.99,4659.27,2021-02-24,cash,outlet,485
486,486,486,58,403.6,4372.47,2021-07-08,cash,mall,486
487,487,487,17,769.0,8639.53,2021-12-05,cash,online,487
488,488,488,32,624.78,8765.21,2021-04-25,cash,online,488
489,489,489,7,607.22,868.23,2021-01-08,cash,mall,489
490,490,490,60,207.5,7418.43,2021-03-11,credit card,outlet,490
491,491,491,40,9.69,3750.9,2021-01-22,cash,online,491
492,492,492,8,200.08,4606.11,2021-10-28,debit card,mall,492
493,493,493,46,678.72,4042.1,2021-08-23,credit card,online,493
494,494,494,69,896.57,3528.09,2021-01-14,credit card,outlet,494
495,495,495,11,179.28,6853.32,2021-09-23,credit card,outlet,495
496,496,496,53,676.31,1083.84,2021-11-02,cash,online,496
497,497,497,97,500.32,7877.81,2021-04-18,credit card,online,497
498,498,498,46,357.47,6212.19,2021-10-04,credit card,online,498
499,499,499,84,11.68,1680.96,2021-01-04,credit card,mall,499
500,500,500,46,786.11,4087.81,2021-02-24,cash,outlet,500
501,501,501,87,470.7,4499.27,2021-07-05,debit card,outlet,501
502,502,502,47,31.91,7339.11,2021-03-07,credit card,mall,502
503,503,503,80,526.9,2890.38,2021-05-11,cash,online,503
504,504,504,82,889.71,7085.22,2021-03-22,cash,outlet,504
505,505,505,68,109.53,9317.61,2021-04-04,credit card,online,505
506,506,506,28,439.37,7374.59,2021-01-30,debit card,online,506
507,507,507,65,209.74,2086.02,2021-06-28,cash,mall,507
508,508,508,46,23.04,9378.1,2021-08-16,cash,outlet,508
509,509,509,13,992.57,6614.65,2021-01-19,debit card,outlet,509
510,510,510,95,24.77,5204.19,2021-09-13,debit card,mall,510
511,511,511,97,620.68,1599.12,2021-05-02,debit card,mall,511
512,512,512,17,517.77,5568.46,2021-03-10,cash,mall,512
513,513,513,74,563.25,784.58,2021-07-19,credit card,outlet,513
514,514,514,91,346.14,3077.08,2021-12-24,cash,mall,514
515,515,515,57,824.15,8461.21,2021-01-19,debit card,outlet,515
516,516,516,70,418.92,7524.72,2021-08-26,cash,online,516
517,517,517,70,445.5,3674.43,2021-09-13,debit card,mall,517
518,518,518,37,401.32,6664.25,2021-10-27,cash,online,518
519,519,519,52,260.42,3203.94,2021-07-17,credit card,mall,519
520,520,520,66,3.71,3109.38,2021-04-29,credit card,outlet,520
521,521,521,98,103.64,1323.69,2021-05-24,cash,online,521
522,522,522,12,671.26,132.9,2021-02-03,cash,online,522
523,523,523,78,952.22,7281.15,2021-08-18,credit card,online,523
524,524,524,54,38.96,5140.06,2021-02-20,credit card,mall,524
525,525,525,13,55.79,7479.46,2021-02-17,cash,online,525
526,526,526,69,512.49,375.72,2021-07-28,credit card,mall,526
527,527,527,43,958.35,7672.79,2021-09-08,cash,online,527
528,528,528,30,904.3,2024.76,2021-07-12,cash,mall,528
529,529,529,2,811.41,279.88,2021-02-28,debit card,outlet,529
530,530,530,54,167.9,2031.83,2021-11-25,cash,outlet,530
531,531,531,75,861.87,7414.78,2021-02-18,cash,online,531
532,532,532,67,699.27,5275.26,2021-06-01,debit card,online,532
533,533,533,64,590.35,5241.99,2021-05-04,credit card,mall,533
534,534,534,68,775.37,6062.07,2021-05-25,credit card,mall,534
535,535,535,51,149.88,880.45,2021-02-26,credit card,outlet,535
536,536,536,15,769.83,1628.11,2021-03-17,cash,mall,536
537,537,537,35,972.55,5816.18,2021-02-13,credit card,outlet,537
538,538,538,40,69.99,8051.57,2021-08-28,debit card,mall,538
539,539,539,42,6.63,3213.04,2021-11-16,debit card,outlet,539
540,540,540,86,30.71,786.11,2021-02-21,debit card,outlet,540
541,541,541,86,915.85,4471.45,2021-02-08,cash,outlet,541
542,542,542,14,43.59,6750.23,2021-10-01,cash,online,542
543,543,543,12,943.71,7330.68,2021-04-24,credit card,mall,543
544,544,544,48,155.68,1454.65,2021-02-05,cash,mall,544
545,545,545,97,607.44,6099.84,2021-07-25,credit card,online,545
546,546,546,81,312.32,1009.96,2021-01-30,credit card,outlet,546
547,547,547,92,400.75,2727.22,2021-06-07,debit card,outlet,547
548,548,548,67,952.64,3745.9,2021-05-01,cash,online,548
549,549,549,71,234.32,1520.49,2021-02-25,debit card,outlet,549
550,550,550,39,794.39,146.9,2021-09-26,cash,mall,550
551,551,551,74,703.13,8497.56,2021-07-08,debit card,mall,551
552,552,552,87,728.31,2121.37,2021-11-10,credit card,outlet,552
553,553,553,20,377.53,5286.1,2021-11-06,cash,mall,553
554,554,554,100,327.54,1333.46,2021-10-24,debit card,online,554
555,555,555,41,55.37,6997.35,2021-05-12,credit card,online,555
556,556,556,93,418.1,1891.02,2021-04-21,debit card,outlet,556
557,557,557,34,63.88,825.77,2021-08-01,cash,outlet,557
558,558,558,23,338.55,7851.07,2021-09-18,credit card,mall,558
559,559,559,48,480.7,1789.29,2021-10-27,cash,outlet,559
560,560,560,23,376.92,1569.05,2021-12-23,cash,outlet,560
561,561,561,44,303.91,4864.7,2021-06-26,credit card,mall,561
562,562,562,95,15.01,5740.02,2021-05-05,credit card,outlet,562
563,563,563,55,410.7,4048.56,2021-12-25,credit card,online,563
564,564,564,100,412.15,5359.71,2021-09-10,debit card,outlet,564
565,565,565,53,325.84,3279.31,2021-03-03,debit card,outlet,565
566,566,566,18,537.07,2726.18,2021-01-28,debit card,online,566
567,567,567,38,193.38,6494.02,2021-08-25,debit card,mall,567
568,568,568,43,963.11,4959.57,2021-08-13,cash,outlet,568
569,569,569,69,533.29,4464.05,2021-08-19,debit card,mall,569
570,570,570,97,567.29,6783.18,2021-01-20,credit card,online,570
571,571,571,1,607.54,4862.28,2021-04-21,credit card,online,571
572,572,572,58,209.59,5287.91,2021-11-09,debit card,online,572
573,573,573,46,29.88,4452.79,2021-06-22,debit card,online,573
574,574,574,75,135.05,1992.06,2021-10-03,debit card,online,574
575,575,575,18,486.19,7860.74,2021-05-03,debit card,online,575
576,576,576,35,190.51,3087.41,2021-07-15,debit card,outlet,576
577,577,577,54,49.11,1010.46,2021-12-22,cash,mall,577
578,578,578,62,119.18,766.8,2021-07-26,cash,mall,578
579,579,579,33,947.8,5304.17,2021-10-31,credit card,outlet,579
580,580,580,58,360.87,9485.3,2021-11-16,cash,online,580
581,581,581,51,254.38,1213.03,2021-04-06,credit card,outlet,581
582,582,582,27,223.55,4297.47,2021-08-15,cash,outlet,582
583,583,583,5,388.79,9073.16,2021-07-05,credit card,online,583
584,584,584,88,355.19,8948.37,2021-07-12,debit card,mall,584
585,585,585,16,991.39,2289.77,2021-09-26,debit card,online,585
586,586,586,50,217.43,5266.44,2021-05-01,cash,online,586
587,587,587,61,981.55,2784.44,2021-04-24,debit card,mall,587
588,588,588,76,603.96,6086.83,2021-08-08,debit card,online,588
589,589,589,45,591.94,2515.1,2021-09-20,credit card,mall,589
590,590,590,4,747.78,6485.51,2021-09-01,debit card,mall,590
591,591,591,36,610.33,584.9,2021-02-04,debit card,online,591
592,592,592,6,443.23,7726.09,2021-07-07,cash,mall,592
593,593,593,69,335.93,7455.6,2021-05-15,cash,outlet,593
594,594,594,87,624.12,5189.51,2021-08-23,credit card,mall,594
595,595,595,5,558.9,1034.58,2021-08-15,credit card,outlet,595
596,596,596,28,720.43,1306.12,2021-02-15,debit card,online,596
597,597,597,23,269.01,6793.83,2021-09-13,credit card,mall,597
598,598,598,19,991.4,3315.92,2021-09-23,credit card,outlet,598
599,599,599,67,462.18,8612.38,2021-12-25,credit card,outlet,599
600,600,600,54,44.38,7632.83,2021-08-01,debit card,outlet,600
601,601,601,8,386.07,79.96,2021-05-31,cash,online,601
602,602,602,16,237.24,3058.37,2021-01-26,credit card,mall,602
603,603,603,82,629.35,115.45,2021-09-20,credit card,mall,603
604,604,604,6,656.2,3047.5,2021-06-23,debit card,online,604
605,605,605,84,364.89,8564.62,2021-08-11,debit card,online,605
606,606,606,54,364.98,9370.33,2021-09-22,cash,outlet,606
607,607,607,52,665.85,8594.08,2021-12-22,credit card,online,607
608,608,608,64,280.44,7372.11,2021-01-18,cash,mall,608
609,609,609,86,669.66,5858.66,2021-12-11,cash,online,609
610,610,610,90,686.73,6380.89,2021-11-28,credit card,outlet,610
611,611,611,92,435.68,4739.38,2021-06-15,debit card,outlet,611
612,612,612,72,877.32,2748.13,2021-01-04,debit card,online,612
613,613,613,40,791.33,8573.71,2021-02-10,credit card,mall,613
614,614,614,7,934.16,3128.18,2021-01-21,debit card,online,614
615,615,615,34,568.76,7810.37,2021-05-19,cash,online,615
616,616,616,83,151.07,5735.49,2021-08-07,credit card,online,616
617,617,617,63,280.43,741.04,2021-02-06,cash,mall,617
618,618,618,57,166.36,328.54,2021-12-03,debit card,outlet,618
619,619,619,27,254.32,8958.83,2021-01-04,credit card,mall,619
620,620,620,37,837.08,5724.09,2021-07-14,credit card,outlet,620
621,621,621,79,86.91,6307.87,2021-06-26,debit card,online,621
622,622,622,11,680.65,3009.83,2021-01-11,cash,online,622
623,623,623,18,867.64,7291.82,2021-10-30,cash,online,623
624,624,624,1,18.66,3386.31,2021-09-23,credit card,outlet,624
625,625,625,5,993.65,5295.84,2021-08-23,cash,online,625
626,626,626,86,613.52,2070.51,2021-09-22,cash,online,626
627,627,627,62,459.9,8755.64,2021-06-02,cash,online,627
628,628,628,63,79.33,2726.48,2021-05-23,credit card,outlet,628
629,629,629,4,402.53,5325.61,2021-01-02,credit card,outlet,629
630,630,630,80,576.03,9000.23,2021-12-01,credit card,mall,630
631,631,631,2,649.12,2850.93,2021-02-18,debit card,online,631
632,632,632,54,187.97,8460.36,2021-02-02,debit card,mall,632
633,633,633,74,90.1,3702.51,2021-11-30,debit card,online,633
634,634,634,43,586.56,1727.35,2021-06-09,credit card,mall,634
635,635,635,99,258.35,8055.07,2021-05-08,debit card,outlet,635
636,636,636,21,679.97,2969.43,2021-10-06,credit card,online,636
637,637,637,17,923.54,4813.06,2021-04-30,debit card,outlet,637
638,638,638,7,330.35,3921.76,2021-04-25,cash,mall,638
639,639,639,57,175.54,3590.15,2021-09-06,credit card,mall,639
640,640,640,77,675.28,9244.73,2021-04-08,debit card,online,640
641,641,641,62,895.18,9252.1,2021-02-24,debit card,online,641
642,642,642,49,662.26,2805.94,2021-10-24,debit card,online,642
643,643,643,97,216.34,2478.04,2021-10-07,cash,online,643
644,644,644,67,528.02,5544.22,2021-06-07,credit card,outlet,644
645,645,645,84,695.64,3427.57,2021-03-01,credit card,online,645
646,646,646,33,339.5,4293.07,2021-06-02,credit card,outlet,646
647,647,647,64,616.91,4376.58,2021-02-06,cash,mall,647
648,648,648,53,665.94,7074.39,2021-03-07,debit card,mall,648
649,649,649,83,326.86,886.8,2021-07-05,cash,outlet,649
650,650,650,81,516.17,0.6,2021-02-12,cash,online,650
651,651,651,16,559.69,4849.0,2021-05-14,cash,mall,651
652,652,652,30,179.08,1883.82,2021-12-19,credit card,mall,652
653,653,653,31,625.32,5314.11,2021-03-29,debit card,mall,653
654,654,654,60,94.0,6246.22,2021-11-27,cash,online,654
655,655,655,5,646.37,7365.61,2021-11-23,debit card,mall,655
656,656,656,99,622.82,8430.42,2021-01-02,credit card,outlet,656
657,657,657,95,609.69,8744.6,2021-12-06,debit card,online,657
658,658,658,95,748.71,334.91,2021-01-20,cash,online,658
659,659,659,21,251.37,7491.25,2021-03-20,debit card,mall,659
660,660,660,74,947.78,7349.44,2021-12-04,credit card,outlet,660
661,661,661,91,559.44,4757.32,2021-05-04,cash,online,661
662,662,662,91,157.84,8244.65,2021-06-05,cash,online,662
663,663,663,72,271.86,5764.61,2021-11-04,credit card,outlet,663
664,664,664,40,0.66,4085.3,2021-08-10,credit card,mall,664
665,665,665,78,717.61,6658.2,2021-09-19,debit card,online,665
666,666,666,82,665.15,4335.32,2021-04-05,credit card,outlet,666
667,667,667,53,205.42,8990.97,2021-01-06,cash,online,667
668,668,668,61,827.29,5896.84,2021-10-18,cash,online,668
669,669,669,25,22.46,8976.62,2021-02-14,debit card,outlet,669
670,670,670,13,226.36,6653.63,2021-02-15,cash,online,670
671,671,671,98,615.47,7715.78,2021-10-19,credit card,outlet,671
672,672,672,83,760.4,5596.79,2021-09-25,debit card,online,672
673,673,673,1,195.83,4763.13,2021-12-24,cash,outlet,673
674,674,674,27,999.07,3391.64,2021-03-22,debit card,outlet,674
675,675,675,54,535.68,6466.14,2021-11-06,cash,outlet,675
676,676,676,100,983.54,7008.45,2021-11-23,cash,online,676
677,677,677,93,35.66,9356.27,2021-12-27,credit card,outlet,677
678,678,678,29,216.7,8169.22,2021-07-17,cash,mall,678
679,679,679,10,549.0,4337.1,2021-09-13,credit card,online,679
680,680,680,48,257.38,2243.64,2021-02-26,debit card,online,680
681,681,681,37,75.74,2286.83,2021-11-11,cash,outlet,681
682,682,682,62,403.5,2812.36,2021-01-19,credit card,mall,682
683,683,683,29,393.63,3983.13,2021-06-06,cash,outlet,683
684,684,684,40,707.37,2053.52,2021-08-18,cash,online,684
685,685,685,36,3.48,6568.01,2021-01-22,debit card,online,685
686,686,686,61,503.48,1775.34,2021-09-03,credit card,online,686
687,687,687,44,435.72,3751.09,2021-08-13,debit card,outlet,687
688,688,688,18,149.03,6834.77,2021-12-30,credit card,outlet,688
689,689,689,95,234.4,2970.32,2021-02-12,cash,mall,689
690,690,690,10,914.68,5215.8,2021-09-16,cash,mall,690
691,691,691,73,784.3,696.51,2021-05-03,debit card,mall,691
692,692,692,84,915.8,8435.41,2021-12-16,debit card,outlet,692
693,693,693,46,342.03,2705.33,2021-03-27,debit card,online,693
694,694,694,10,92.79,1101.45,2021-12-21,credit card,online,694
695,695,695,15,574.26,3955.68,2021-03-25,debit card,outlet,695
696,696,696,38,800.62,9088.64,2021-11-29,credit card,mall,696
697,697,697,40,763.21,3641.18,2021-06-10,debit card,outlet,697
698,698,698,26,738.99,101.61,2021-03-01,debit card,outlet,698
699,699,699,58,369.08,9280.15,2021-08-24,debit card,online,699
700,700,700,78,800.92,826.47,2021-04-04,credit card,outlet,700
701,701,701,96,781.39,173.13,2021-01-27,cash,outlet,701
702,702,702,75,568.14,9797.42,2021-08-15,debit card,mall,702
703,703,703,19,582.6,2290.99,2021-05-13,debit card,online,703
704,704,704,22,811.64,1637.16,2021-03-30,cash,mall,704
705,705,705,14,826.56,366.23,2021-08-12,credit card,outlet,705
706,706,706,17,390.07,2350.91,2021-03-11,debit card,mall,706
707,707,707,46,557.03,4679.08,2021-11-29,credit card,outlet,707
708,708,708,46,992.24,3170.11,2021-07-02,credit card,outlet,708
709,709,709,34,283.86,1763.16,2021-08-01,debit card,outlet,709
710,710,710,58,481.05,5596.06,2021-02-28,debit card,mall,710
711,711,711,26,171.06,3503.36,2021-03-11,credit card,mall,711
712,712,712,50,931.36,6651.32,2021-04-12,credit card,outlet,712
713,713,713,94,346.56,2923.23,2021-07-24,cash,outlet,713
714,714,714,5,821.56,2584.06,2021-09-19,cash,mall,714
715,715,715,89,841.96,9685.43,2021-05-19,debit card,online,715
716,716,716,26,801.96,5019.93,2021-12-13,debit card,outlet,716
717,717,717,8,513.99,7428.0,2021-06-05,credit card,mall,717
718,718,718,31,167.39,7734.78,2021-05-23,credit card,online,718
719,719,719,13,96.73,7583.5,2021-03-28,debit card,mall,719
720,720,720,5,962.72,4606.63,2021-07-13,cash,online,720
721,721,721,5,46.39,1029.19,2021-02-19,credit card,outlet,721
722,722,722,9,886.43,608.48,2021-04-05,debit card,outlet,722
723,723,723,78,136.83,2003.53,2021-07-28,cash,mall,723
724,724,724,8,559.72,7473.99,2021-01-14,cash,mall,724
725,725,725,84,24.65,1922.88,2021-06-12,credit card,outlet,725
726,726,726,39,626.03,209.97,2021-03-05,credit card,mall,726
727,727,727,57,555.24,7590.68,2021-05-02,debit card,outlet,727
728,728,728,48,534.21,8469.26,2021-04-11,debit card,online,728
729,729,729,65,916.47,9969.81,2021-05-10,credit card,online,729
730,730,730,52,631.91,6174.79,2021-12-04,debit card,outlet,730
731,731,731,64,200.87,669.24,2021-10-20,credit card,outlet,731
732,732,732,95,724.41,5956.75,2021-02-07,debit card,outlet,732
733,733,733,4,27.16,846.82,2021-07-21,debit card,outlet,733
734,734,734,13,319.12,5018.47,2021-05-04,debit card,outlet,734
735,735,735,74,906.24,3281.09,2021-10-31,debit card,outlet,735
736,736,736,12,423.93,9641.18,2021-10-08,debit card,mall,736
737,737,737,1,489.83,5157.5,2021-10-18,debit card,mall,737
738,738,738,49,5.8,790.94,2021-08-27,debit card,outlet,738
739,739,739,20,492.0,7466.38,2021-03-21,debit card,outlet,739
740,740,740,56,9.24,3201.16,2021-03-28,debit card,mall,740
741,741,741,3,351.54,5476.44,2021-06-22,credit card,mall,741
742,742,742,51,357.43,3232.08,2021-09-05,credit card,outlet,742
743,743,743,60,906.66,4726.2,2021-12-28,credit card,online,743
744,744,744,16,45.38,6402.79,2021-07-04,credit card,mall,744
745,745,745,1,245.44,7455.78,2021-06-07,credit card,online,745
746,746,746,58,226.21,6954.23,2021-06-17,credit card,outlet,746
747,747,747,33,286.25,3856.98,2021-11-20,credit card,outlet,747
748,748,748,22,116.44,2887.54,2021-06-14,cash,outlet,748
749,749,749,65,543.85,1958.91,2021-07-12,cash,mall,749
750,750,750,37,48.42,1296.56,2021-09-04,credit card,mall,750
751,751,751,32,793.91,9443.66,2021-09-06,debit card,mall,751
752,752,752,60,508.9,122.36,2021-08-05,cash,mall,752
753,753,753,14,42.15,8545.97,2021-09-14,debit card,mall,753
754,754,754,59,350.33,5122.27,2021-04-20,debit card,outlet,754
755,755,755,7,657.28,6906.61,2021-06-05,debit card,mall,755
756,756,756,65,665.22,6010.35,2021-03-13,debit card,outlet,756
757,757,757,20,544.51,1194.57,2021-06-19,cash,online,757
758,758,758,53,935.55,714.62,2021-10-27,cash,mall,758
759,759,759,35,147.97,7239.73,2021-08-31,debit card,online,759
760,760,760,78,7.5,9709.53,2021-01-30,debit card,mall,760
761,761,761,9,788.05,7458.17,2021-09-01,debit card,outlet,761
762,762,762,45,225.19,364.0,2021-10-30,cash,outlet,762
763,763,763,8,954.38,1676.17,2021-02-17,debit card,mall,763
764,764,764,81,581.07,1871.06,2021-08-03,cash,mall,764
765,765,765,91,213.83,7131.93,2021-12-15,cash,mall,765
766,766,766,15,56.23,8264.94,2021-02-28,credit card,mall,766
767,767,767,88,978.33,6668.73,2021-09-29,debit card,mall,767
768,768,768,91,48.76,5825.2,2021-10-13,debit card,mall,768
769,769,769,20,791.25,4130.31,2021-03-11,cash,online,769
770,770,770,59,365.59,9870.15,2021-10-15,debit card,outlet,770
771,771,771,10,529.8,7760.07,2021-03-03,debit card,online,771
772,772,772,35,319.55,7145.5,2021-03-09,debit card,outlet,772
773,773,773,44,289.03,7015.15,2021-12-29,debit card,outlet,773
774,774,774,62,317.67,230.34,2021-02-28,credit card,online,774
775,775,775,13,533.74,7123.8,2021-03-15,cash,mall,775
776,776,776,11,840.95,4998.87,2021-11-22,credit card,mall,776
777,777,777,11,830.18,2715.46,2021-05-08,debit card,online,777
778,778,778,29,823.23,6694.04,2021-05-03,credit card,mall,778
779,779,779,81,146.85,7058.16,2021-10-29,debit card,outlet,779
780,780,780,37,52.7,1106.1,2021-11-07,debit card,outlet,780
781,781,781,84,756.71,3261.52,2021-01-23,debit card,outlet,781
782,782,782,63,127.16,6842.39,2021-06-12,cash,mall,782
783,783,783,31,627.23,2706.11,2021-08-23,credit card,mall,783
784,784,784,5,750.06,4108.57,2021-11-30,cash,mall,784
785,785,785,2,577.0,9320.34,2021-06-20,credit card,online,785
786,786,786,65,441.49,224.04,2021-11-12,cash,outlet,786
787,787,787,7,12.28,664.57,2021-07-25,credit card,online,787
788,788,788,88,585.68,4550.09,2021-03-30,cash,mall,788
789,789,789,43,452.01,5267.46,2021-02-10,cash,outlet,789
790,790,790,34,380.85,3461.53,2021-01-03,credit card,online,790
791,791,791,66,542.63,3164.43,2021-08-21,debit card,online,791
792,792,792,39,533.8,1031.32,2021-07-13,cash,online,792
793,793,793,28,306.26,7197.58,2021-02-18,debit card,online,793
794,794,794,89,958.93,5139.23,2021-03-03,cash,outlet,794
795,795,795,89,824.91,8241.42,2021-04-22,debit card,outlet,795
796,796,796,12,195.68,4259.24,2021-03-04,cash,outlet,796
797,797,797,6,60.14,757.27,2021-08-12,credit card,mall,797
798,798,798,8,360.04,994.51,2021-07-29,cash,online,798
799,799,799,98,642.1,4258.87,2021-04-07,debit card,mall,799
800,800,800,17,783.0,525.6,2021-09-01,cash,online,800
801,801,801,23,773.38,7632.77,2021-09-24,cash,mall,801
802,802,802,49,563.34,7067.71,2021-09-20,debit card,online,802
803,803,803,98,914.73,8238.5,2021-04-21,cash,outlet,803
804,804,804,17,209.98,1357.44,2021-10-25,cash,online,804
805,805,805,36,358.68,8524.36,2021-11-27,credit card,online,805
806,806,806,7,589.55,7806.52,2021-01-28,cash,outlet,806
807,807,807,40,637.86,1626.64,2021-10-18,debit card,online,807
808,808,808,21,707.77,4403.06,2021-06-04,cash,outlet,808
809,809,809,34,979.22,5277.74,2021-06-22,debit card,online,809
810,810,810,96,660.35,5761.78,2021-12-14,debit card,outlet,810
811,811,811,87,839.11,9167.22,2021-04-22,cash,mall,811
812,812,812,28,112.1,8992.01,2021-09-23,credit card,online,812
813,813,813,81,647.82,9305.78,2021-06-20,debit card,mall,813
814,814,814,54,979.54,4260.36,2021-03-15,debit card,online,814
815,815,815,37,416.65,3014.91,2021-01-06,credit card,outlet,815
816,816,816,86,108.52,5821.03,2021-01-18,credit card,online,816
817,817,817,16,405.88,7498.35,2021-05-22,debit card,outlet,817
818,818,818,65,309.88,3642.13,2021-02-05,cash,mall,818
819,819,819,18,277.14,9962.22,2021-08-01,credit card,mall,819
820,820,820,13,943.81,6128.85,2021-01-06,debit card,online,820
821,821,821,28,406.5,7474.86,2021-06-08,credit card,outlet,821
822,822,822,92,379.21,618.74,2021-03-24,debit card,online,822
823,823,823,70,28.26,8549.29,2021-02-24,debit card,online,823
824,824,824,94,365.85,1720.44,2021-06-11,debit card,online,824
825,825,825,93,428.87,3638.38,2021-09-23,debit card,online,825
826,826,826,47,817.73,7492.85,2021-03-11,cash,mall,826
827,827,827,45,735.2,1337.51,2021-05-14,debit card,outlet,827
828,828,828,5,506.44,4011.32,2021-09-23,debit card,outlet,828
829,829,829,60,922.59,6586.83,2021-06-11,debit card,mall,829
830,830,830,33,760.22,4363.53,2021-07-27,debit card,online,830
831,831,831,33,90.61,3202.93,2021-11-07,credit card,online,831
832,832,832,80,901.52,423.13,2021-11-02,debit card,online,832
833,833,833,18,368.98,2131.11,2021-10-14,debit card,outlet,833
834,834,834,52,300.92,9382.11,2021-12-25,debit card,mall,834
835,835,835,82,248.22,6477.58,2021-05-27,cash,outlet,835
836,836,836,10,627.2,967.96,2021-02-02,debit card,online,836
837,837,837,9,181.61,2546.57,2021-04-13,cash,outlet,837
838,838,838,81,771.41,5791.98,2021-09-19,cash,outlet,838
839,839,839,46,300.1,8461.08,2021-05-12,credit card,mall,839
840,840,840,66,157.65,7806.75,2021-10-02,debit card,outlet,840
841,841,841,75,746.96,39.29,2021-07-07,credit card,online,841
842,842,842,88,972.33,5131.1,2021-09-28,credit card,mall,842
843,843,843,39,843.06,3937.55,2021-05-09,debit card,outlet,843
844,844,844,95,26.07,429.42,2021-10-08,credit card,online,844
845,845,845,13,861.11,3284.68,2021-06-05,credit card,outlet,845
846,846,846,85,672.6,8241.57,2021-05-24,debit card,outlet,846
847,847,847,30,611.74,3958.99,2021-01-24,cash,mall,847
848,848,848,97,430.36,8283.11,2021-06-30,debit card,mall,848
849,849,849,42,413.59,2317.18,2021-04-06,credit card,outlet,849
850,850,850,90,670.39,1271.46,2021-08-26,cash,online,850
851,851,851,51,370.6,5684.47,2021-05-13,cash,mall,851
852,852,852,14,917.99,6566.93,2021-05-18,debit card,mall,852
853,853,853,37,823.86,8893.02,2021-05-20,debit card,mall,853
854,854,854,9,62.33,1022.93,2021-08-12,credit card,outlet,854
855,855,855,81,672.74,6723.57,2021-03-02,debit card,mall,855
856,856,856,7,607.64,4207.11,2021-04-08,credit card,outlet,856
857,857,857,55,106.91,297.06,2021-07-04,credit card,mall,857
858,858,858,17,768.51,6381.64,2021-07-20,debit card,outlet,858
859,859,859,66,296.29,4923.4,2021-07-02,debit card,mall,859
860,860,860,69,253.16,2958.74,2021-02-02,cash,outlet,860
861,861,861,27,723.38,1952.04,2021-01-10,credit card,outlet,861
862,862,862,77,124.48,7533.51,2021-05-10,cash,online,862
863,863,863,62,597.78,9825.01,2021-01-15,cash,mall,863
864,864,864,9,873.48,8970.69,2021-08-24,cash,outlet,864
865,865,865,8,938.95,8318.96,2021-04-22,debit card,mall,865
866,866,866,79,974.92,110.81,2021-02-03,credit card,mall,866
867,867,867,64,766.97,2184.13,2021-03-28,cash,online,867
868,868,868,62,554.33,1857.96,2021-04-25,credit card,outlet,868
869,869,869,85,471.43,5345.56,2021-02-05,debit card,online,869
870,870,870,74,435.73,6791.18,2021-04-19,debit card,mall,870
871,871,871,16,39.46,7642.07,2021-09-15,cash,mall,871
872,872,872,46,812.97,7981.72,2021-02-22,debit card,mall,872
873,873,873,90,972.59,7001.58,2021-02-02,credit card,outlet,873
874,874,874,38,996.42,8370.42,2021-12-10,debit card,mall,874
875,875,875,39,865.27,5486.57,2021-03-29,debit card,online,875
876,876,876,19,192.71,2289.99,2021-02-22,cash,mall,876
877,877,877,20,908.86,5349.23,2021-03-03,cash,outlet,877
878,878,878,37,168.87,9038.98,2021-07-04,cash,online,878
879,879,879,88,732.17,8111.9,2021-07-15,credit card,mall,879
880,880,880,13,101.56,5891.76,2021-03-12,debit card,mall,880
881,881,881,49,5.73,677.71,2021-07-18,cash,mall,881
882,882,882,79,208.71,7024.86,2021-11-15,cash,outlet,882
883,883,883,97,655.08,8626.68,2021-05-05,cash,online,883
884,884,884,73,914.82,739.21,2021-03-20,credit card,outlet,884
885,885,885,93,102.4,2960.21,2021-05-26,cash,mall,885
886,886,886,64,102.92,7094.93,2021-06-27,credit card,outlet,886
887,887,887,1,578.52,3983.74,2021-03-06,cash,outlet,887
888,888,888,49,346.62,620.43,2021-02-16,credit card,online,888
889,889,889,58,850.59,4928.65,2021-01-05,cash,outlet,889
890,890,890,56,997.82,6197.42,2021-07-17,credit card,outlet,890
891,891,891,56,717.52,5991.87,2021-05-21,cash,mall,891
892,892,892,29,897.69,9781.64,2021-07-08,debit card,outlet,892
893,893,893,64,916.18,1422.31,2021-11-11,debit card,mall,893
894,894,894,86,408.78,2685.1,2021-11-10,credit card,mall,894
895,895,895,63,275.9,1361.58,2021-12-11,debit card,mall,895
896,896,896,97,963.44,6026.07,2021-07-03,debit card,outlet,896
897,897,897,78,776.92,9747.05,2021-08-30,debit card,online,897
898,898,898,67,690.96,8785.36,2021-12-27,cash,mall,898
899,899,899,36,213.67,6438.38,2021-04-05,credit card,mall,899
900,900,900,44,384.23,9086.59,2021-06-30,cash,outlet,900
901,901,901,99,35.17,94.66,2021-02-24,debit card,outlet,901
902,902,902,11,191.04,7598.47,2021-06-23,credit card,online,902
903,903,903,12,107.91,5990.45,2021-03-13,cash,outlet,903
904,904,904,46,387.47,2272.65,2021-01-12,cash,online,904
905,905,905,9,535.4,2923.48,2021-12-04,credit card,online,905
906,906,906,33,253.8,5384.26,2021-04-27,credit card,outlet,906
907,907,907,42,917.93,66.95,2021-05-10,cash,online,907
908,908,908,60,859.35,7283.94,2021-02-17,credit card,mall,908
909,909,909,9,813.2,2445.28,2021-11-05,cash,mall,909
910,910,910,82,924.82,789.43,2021-09-26,debit card,online,910
911,911,911,74,602.34,3965.92,2021-11-14,credit card,online,911
912,912,912,42,531.99,7568.01,2021-07-16,credit card,online,912
913,913,913,89,488.96,4665.2,2021-07-20,debit card,outlet,913
914,914,914,92,593.91,6035.56,2021-09-14,debit card,online,914
915,915,915,85,530.57,4656.31,2021-03-28,credit card,mall,915
916,916,916,34,666.4,6725.72,2021-12-24,debit card,mall,916
917,917,917,79,883.4,2884.58,2021-01-27,cash,online,917
918,918,918,36,615.27,202.49,2021-05-10,debit card,online,918
919,919,919,78,29.88,9321.62,2021-11-03,cash,outlet,919
920,920,920,89,912.27,7091.33,2021-07-24,credit card,mall,920
921,921,921,69,443.19,8462.61,2021-06-30,cash,outlet,921
922,922,922,22,161.31,5163.54,2021-08-19,credit card,mall,922
923,923,923,11,225.36,6307.75,2021-09-17,credit card,online,923
924,924,924,53,722.94,2971.42,2021-09-28,credit card,online,924
925,925,925,2,410.91,4604.65,2021-01-28,credit card,outlet,925
926,926,926,6,349.67,1770.58,2021-04-20,debit card,outlet,926
927,927,927,3,651.93,3164.49,2021-09-09,credit card,online,927
928,928,928,95,581.79,5849.79,2021-10-25,credit card,online,928
929,929,929,95,256.44,1032.82,2021-05-11,cash,mall,929
930,930,930,96,378.43,7625.08,2021-01-26,credit card,online,930
931,931,931,70,430.73,4399.58,2021-12-15,debit card,mall,931
932,932,932,19,248.86,9883.84,2021-03-26,debit card,outlet,932
933,933,933,69,111.82,8093.88,2021-02-16,debit card,online,933
934,934,934,65,764.37,4835.18,2021-08-22,debit card,outlet,934
935,935,935,49,303.95,7488.46,2021-07-14,debit card,outlet,935
936,936,936,14,316.44,608.94,2021-07-21,cash,online,936
937,937,937,94,501.8,3047.61,2021-10-05,cash,online,937
938,938,938,77,102.99,4545.54,2021-09-21,cash,outlet,938
939,939,939,13,309.61,8502.18,2021-08-06,credit card,mall,939
940,940,940,98,14.61,2846.57,2021-09-09,cash,outlet,940
941,941,941,88,90.22,7948.01,2021-08-02,cash,mall,941
942,942,942,99,522.12,4475.68,2021-02-10,credit card,outlet,942
943,943,943,40,925.98,6176.64,2021-11-08,cash,outlet,943
944,944,944,55,462.94,6960.44,2021-07-04,cash,outlet,944
945,945,945,35,105.01,3807.64,2021-07-06,credit card,online,945
946,946,946,28,598.65,9367.56,2021-06-01,cash,mall,946
947,947,947,26,916.82,3171.63,2021-10-16,debit card,outlet,947
948,948,948,38,312.01,6019.84,2021-08-11,credit card,mall,948
949,949,949,39,151.16,1458.47,2021-03-13,credit card,online,949
950,950,950,63,166.6,5011.39,2021-04-06,credit card,outlet,950
951,951,951,45,836.88,2604.03,2021-02-05,debit card,mall,951
952,952,952,82,271.4,1297.78,2021-03-13,debit card,mall,952
953,953,953,29,843.67,4852.55,2021-10-15,debit card,outlet,953
954,954,954,81,213.14,5428.29,2021-07-20,debit card,outlet,954
955,955,955,79,398.47,7799.1,2021-01-27,credit card,mall,955
956,956,956,51,123.76,3348.86,2021-07-09,credit card,online,956
957,957,957,26,33.2,6434.93,2021-02-26,credit card,outlet,957
958,958,958,58,90.64,6181.8,2021-02-02,debit card,online,958
959,959,959,6,686.78,7204.11,2021-08-31,debit card,online,959
960,960,960,19,382.95,9975.68,2021-11-17,cash,mall,960
961,961,961,14,818.51,2145.99,2021-07-31,debit card,outlet,961
962,962,962,42,682.2,5558.04,2021-04-03,credit card,mall,962
963,963,963,10,212.0,2302.02,2021-12-17,cash,mall,963
964,964,964,13,265.1,9333.15,2021-06-12,cash,mall,964
965,965,965,94,109.2,9109.27,2021-09-26,credit card,outlet,965
966,966,966,28,516.36,7552.77,2021-06-17,credit card,online,966
967,967,967,83,304.12,7522.25,2021-07-11,debit card,online,967
968,968,968,60,497.27,8702.2,2021-02-07,debit card,outlet,968
969,969,969,93,741.84,3107.71,2021-05-15,credit card,outlet,969
970,970,970,40,498.82,4344.21,2021-07-18,debit card,online,970
971,971,971,98,13.28,574.52,2021-10-05,credit card,online,971
972,972,972,33,182.04,8342.0,2021-02-19,cash,online,972
973,973,973,59,653.8,821.93,2021-09-19,debit card,mall,973
974,974,974,75,423.9,1549.19,2021-12-28,credit card,mall,974
975,975,975,52,11.26,8364.39,2021-10-13,credit card,online,975
976,976,976,91,492.42,3055.65,2021-01-11,cash,mall,976
977,977,977,31,894.68,9545.63,2021-10-10,debit card,outlet,977
978,978,978,34,66.99,634.88,2021-06-20,credit card,online,978
979,979,979,30,733.08,6405.74,2021-09-17,cash,mall,979
980,980,980,38,535.73,4384.82,2021-02-04,credit card,online,980
981,981,981,2,138.09,497.95,2021-07-31,debit card,mall,981
982,982,982,2,858.12,4383.13,2021-06-27,cash,outlet,982
983,983,983,27,373.0,5159.28,2021-04-25,cash,outlet,983
984,984,984,86,130.18,8181.86,2021-08-30,debit card,outlet,984
985,985,985,100,759.0,9838.91,2021-03-06,cash,mall,985
986,986,986,84,766.4,1813.07,2021-10-23,debit card,outlet,986
987,987,987,67,785.04,5268.97,2021-02-19,cash,online,987
988,988,988,83,25.7,1866.24,2021-12-16,cash,outlet,988
989,989,989,30,275.82,9153.3,2021-12-08,debit card,mall,989
990,990,990,93,780.99,9201.64,2021-01-26,credit card,online,990
991,991,991,61,155.79,5905.51,2021-06-25,cash,mall,991
992,992,992,72,852.33,3279.44,2021-07-08,credit card,outlet,992
993,993,993,100,829.25,9687.88,2021-10-22,credit card,online,993
994,994,994,81,977.25,1218.51,2021-09-14,debit card,online,994
995,995,995,22,845.86,9616.91,2021-02-18,cash,mall,995
996,996,996,47,934.12,1888.39,2021-03-31,credit card,online,996
997,997,997,62,724.6,9776.79,2021-10-15,debit card,outlet,997
998,998,998,85,874.18,9582.58,2021-02-25,debit card,outlet,998
999,999,999,97,990.41,6596.3,2021-01-22,cash,online,999
1000,1000,1000,4,593.81,6422.31,2021-02-06,cash,online,1000
